type,hgm,B,C,E,A,D,DD,F,type_m2,B18,C18,E18,A18,D18,DD18,F18,type_area,eoo_km2,nat1990,nat2018,nat2022,prpnat1990,prpnat2018,prpnat2022,ard9022,nat40_9022,prplost9040_9022,ard1822,nat40_1822,prplost9040_1822,ard9018,nat40_9018,prplost9040_9018,rod9022,rod1822,rod9018,prp18_cdef,prp18_def,prp18_ef,prp18_f,prp24_cdef,prp24_def,prp24_ef,prp24_f,pes_decline1824,A2b_18,A3_18,B1ai_18,B1aii_18,D3_18,A2b_24,A3_24,B1ai_24,B1aii_24,D3_24,RLE24,RLE18,A3sa_24,A3sa_18
Albany Thicket_Depression,Depression,5784188.260191764,1481340.0285506812,17646917.957244616,0,0,0,0,24912446.24598706,5784188.260191764,1481340.0285506812,17646917.957244616,0,0,0,0,24915600,338259.86948161654,18120800,17181600,17052400,0.7272873219990689,0.6895920628040264,0.6844065565348617,33387.5,16451425,0.092124795814754315,32300,15566600,0.14095404176416051,33542.857142857145,16443657.142857142,0.09255346657668857,0.18424959162950863,0.28190808352832103,0.18510693315337715,0.7678193380498115,0.7083574925961842,0.7083574925961842,0,0.7678193380498115,0.7083574925961842,0.7083574925961842,0,nodecline1824,LC,LC,LC,LC,EN,LC,LC,LC,LC,EN,EN,EN,EN,EN
Albany Thicket_Floodplain,Floodplain,4593580.546948584,3177781.286111674,0,10919747.517846836,10171019.981323168,0,0,28862129.332230262,14982770.541623564,3080306.676408571,0,530557.5231718557,10268494.59102627,0,0,28880400,51423.98752500622,20408800,17678400,17530400,0.7066661126577194,0.6121244858104459,0.6069999030484342,89950,15911300,0.2203706244365176,37000,15828400,0.22443259770295168,97514.28571428571,15533085.714285715,0.2389025462405573,0.4407412488730352,0.44886519540590336,0.4778050924811146,0.4625023023692251,0.3557774436122241,0,0,0.46250230236922507,0.3524001941868238,0,0,nodecline1824,LC,LC,LC,LC,LC,LC,LC,LC,LC,EN,EN,LC,LC,LC
Albany Thicket_Seep,Seep,1388531.637732931,1085430.2513298334,498435.0441609267,1711218.6686326456,456783.15972011536,0,0,5140398.761576452,1382064.4490563595,958320.6724192861,498435.0441609267,1711218.6686326456,590359.9273072343,0,0,5137600,76839.00041013636,4067600,3756000,3723200,0.7917315478044223,0.7310806602304578,0.7246963562753036,10762.5,3529475,0.13229545678041105,8200,3346000,0.17740190775887502,11128.57142857143,3511171.4285714286,0.1367953022491325,0.2645909135608221,0.35480381551775003,0.273590604498265,0.3982406305108594,0.21181138311811637,0.09696427597925636,0,0.39698252020141944,0.18582570111508173,0.09696427597925636,0,nodecline1824,LC,LC,LC,LC,LC,LC,LC,LC,LC,LC,LC,LC,LC,LC
Albany Thicket_Unchannelled valley-bottom,Unchannelled valley-bottom,516170.72351975547,312465.0950045746,1846387.7660515762,992939.6583303424,704635.2827893172,1689.1306913535082,0,4374287.656386919,516170.72351975547,312465.0950045746,1846387.7660515762,992939.6583303424,704635.2827893172,1689.1306913535082,0,4383200,7860.958680060107,2186800,1953600,1946400,0.4989049096550465,0.4457017703960577,0.44405913487862747,7512.5,1811175,0.17176925187488568,1800,1863600,0.14779586610572526,8328.57142857143,1770371.4285714286,0.19042828398965217,0.34353850374977135,0.2955917322114505,0.38085656797930434,0.6550043114684884,0.5835720876300896,0.42210021633023065,0,0.6550043114684884,0.5835720876300896,0.42210021633023065,0,nodecline1824,LC,VU,EN,LC,LC,LC,VU,LC,LC,EN,EN,EN,EN,EN
Bushmanland_Depression,Depression,510129080.50618565,1109160533.5822425,1651269280.4915283,0,0,0,0,3270558894.5799565,510129080.50618565,1109160533.5822425,1651269280.4915283,0,0,0,0,3270560800,149852.38726466312,3221562400,3209965200,3207307200,0.9850183491467274,0.9814724129268595,0.9806597082677686,445475,3199288650,0.006913958891499355,664500,3176740200,0.013913186967913457,414185.71428571426,3200853114.285714,0.0064283360503232375,0.013827917782998708,0.027826373935826917,0.012856672100646475,0.8440238818657009,0.5048890216372647,0.5048890216372647,0,0.8440238818657009,0.5048890216372647,0.5048890216372647,0,nodecline1824,LC,LC,LC,LC,VU,LC,LC,LC,LC,EN,EN,VU,CR,CR
Bushmanland_Floodplain,Floodplain,269645.9992406443,0,106294541.23283514,94295106.83635509,0,0,0,200859294.06843087,1079654.8216106126,269645.9992406443,106294541.23283514,93215452.01474448,0,0,0,201226800,88930.07603925421,194210800,193090800,192248000,0.9651338688484834,0.9595680098277168,0.9553797009145899,61337.5,191143925,0.015791475036403744,210700,182555800,0.06001211055203933,40000,192210800,0.010298088468818418,0.03158295007280749,0.12002422110407866,0.020596176937636837,0.5305414804244526,0.5291990182770512,0.5291990182770512,0,0.5291990182770512,0.5291990182770512,0.5291990182770512,0,nodecline1824,LC,LC,LC,LC,VU,LC,LC,LC,LC,EN,EN,VU,VU,VU
Bushmanland_Seep,Seep,591110.3349471316,3391.9778681150638,0,15971274.004829826,0,213981.1163829416,0,16779757.434028015,742839.7515527839,3391.9778681150638,0,15819544.588224173,0,213981.1163829416,0,16784000,51938.638181365415,16751600,16720400,16718800,0.998069590085796,0.996210676835081,0.996115347950429,1025,16700350,0.0030594092504596577,400,16700400,0.003056424460947014,1114.2857142857142,16695885.714285715,0.003325908314088532,0.006118818500919315,0.006112848921894028,0.006651816628177064,0.012954483704886062,0.012752336690458046,0,0,0.012954483704886062,0.012752336690458046,0,0,nodecline1824,LC,LC,LC,LC,LC,LC,LC,LC,LC,LC,LC,LC,LC,LC
Bushmanland_Unchannelled valley-bottom,Unchannelled valley-bottom,2620632.760142736,0,0,704649010.3718492,0,0,0,707269643.1319919,17353458.40208995,197811.548915321,0,689718373.1809866,0,0,0,707236400,14806.89102668681,684238000,682400800,681989600,0.9674813117650619,0.9648835947923495,0.964302176754477,70262.5,680724875,0.00513436114334486,102800,677260800,0.010197036703603132,65614.28571428571,680957285.7142857,0.0047946975843409295,0.01026872228668972,0.020394073407206264,0.009589395168681859,2.796833581593507e-4,0,0,0,0,0,0,0,nodecline1824,LC,LC,LC,LC,LC,LC,LC,LC,LC,LC,LC,LC,LC,LC
Central Bushveld_Depression,Depression,31937019.47394522,6221715.1704233,11747569.409270322,2686895.8632100658,226269.64437987658,0,92721.72927574249,52912191.29050452,31937019.47394522,6221715.1704233,11747569.409270322,2686895.8632100658,226269.64437987658,0,92721.72927574249,52908400,153118.50425788257,43488400,41768800,41000800,0.8219564379191205,0.7894549825736557,0.7749393291046413,77737.5,39601525,0.08937728221778682,192000,32168800,0.26029010034859873,61414.28571428572,40417685.71428572,0.07060996232821358,0.17875456443557364,0.5205802006971975,0.14121992465642716,0.34563444656716014,0.2280487821167099,0.2237724586672125,0.0017523698605992543,0.34563444656716014,0.2280487821167099,0.2237724586672125,0.0017523698605992543,nodecline1824,LC,LC,LC,LC,LC,LC,LC,LC,LC,LC,LC,LC,LC,LC
Central Bushveld_Floodplain,Floodplain,585946136.9419901,580653882.8482896,50661945.08313319,157772632.86113936,189249048.9378436,349449.6607568599,192033.7399279636,1564825130.0730808,524882670.7790179,511636289.0713019,157284316.91162786,152010881.48992234,216713524.6901201,349449.6607568599,1947997.470333675,1564804000,165517.08571235443,1140474000,1052008800,1008002800,0.7288286584134499,0.672294293726243,0.6441719218509155,4139725,933487750,0.18149142374135666,11001500,501933800,0.5598901860103781,3159471.4285714286,982500428.5714285,0.13851571489448375,0.3629828474827133,1.1197803720207562,0.2770314297889675,0.5674318240036649,0.24047114370873166,0.10175725793368683,0.0012448659168981387,0.524727232768561,0.15366092530123923,0.03249818643996736,1.2271897749941885e-4,nodecline1824,LC,LC,LC,LC,LC,EN,LC,LC,LC,LC,EN,LC,LC,LC
Central Bushveld_Seep,Seep,22254930.73153334,63798726.817893825,10664090.598800536,45080959.86943501,35404449.22883462,15369.42620421515,889269.0313543483,178107795.7040559,19083842.3540812,50637532.95183526,28108374.19708989,41529468.91342333,36673571.94669693,15369.42620421515,2059635.9147250808,178085600,153740.49428175975,125941600,111988000,109062400,0.7071969884145601,0.6288436572075451,0.6124156023844712,527475,99567850,0.20941253723948242,731400,75418000,0.4011668900506266,498342.85714285716,101024457.14285713,0.19784680246354552,0.41882507447896483,0.8023337801012532,0.39569360492709105,0.6596818739578381,0.37537352714086525,0.16938062701052212,0.011563985206730501,0.6219374321332137,0.2637345440131346,0.06486723158009298,0.0049928697833752245,nodecline1824,LC,LC,LC,LC,LC,VU,LC,LC,LC,LC,VU,LC,LC,EN
Central Bushveld_Unchannelled valley-bottom,Unchannelled valley-bottom,223258713.24011496,78879908.60343151,4766982.12917567,47885904.394551784,37313910.69975691,0,106285.92112430272,392211704.9881551,212593234.39516056,59436881.341510996,43138264.83775406,43920899.97954881,32726956.030885063,0,395468.4032956416,392204400,146689.1724186518,306671600,287260800,284473200,0.781917795924778,0.7324262552893338,0.7253187368627175,693700,271986600,0.11310144141159469,696900,252415800,0.17691824088047278,693242.8571428572,272009457.14285713,0.11302690844911255,0.22620288282318937,0.35383648176094556,0.22605381689822507,0.34598042049138705,0.1944375659931869,0.11099549729747213,0.0010083034194698112,0.3086779048502508,0.10756226347536198,0.012425095906934107,2.7099120136537635e-4,nodecline1824,LC,LC,LC,LC,LC,LC,LC,LC,LC,LC,LC,LC,LC,LC
Drakensberg Grassland_Depression,Depression,5569948.786861912,3971077.081277405,1332879.9750233626,0,0,0,0,10873905.84316268,5569948.786861912,3971077.081277405,1332879.9750233626,0,0,0,0,10918000,87652.77437771294,10402400,10319200,10304000,0.95277523355926,0.9451547902546253,0.9437625938816633,3075,10248650,0.014780243020841344,3800,10129200,0.026263170037683612,2971.4285714285716,10253828.57142857,0.014282418343019795,0.029560486041682692,0.05252634007536722,0.02856483668603959,0.48776926458635855,0.12257600849665752,0.12257600849665752,0,0.48776926458635855,0.12257600849665752,0.12257600849665752,0,nodecline1824,LC,LC,LC,LC,LC,LC,LC,LC,LC,LC,LC,LC,LC,LC
Drakensberg Grassland_Floodplain,Floodplain,32250182.837888107,117034765.27146284,2977896.047588487,32003677.85265133,55445700.26398314,456.79181129776407,0,239712679.0653852,22161559.387829576,85495823.82759576,10266872.446780644,25546241.483635906,96241725.12773204,456.79181129776407,0,239724000,77851.17612105842,154538400,137715600,136218800,0.6446513490514091,0.5744756469940432,0.568231799903222,572487.5,125914025,0.1852249990940763,374200,119005600,0.22992861321199132,600814.2857142857,124497685.71428572,0.19438996576717685,0.3704499981881526,0.45985722642398263,0.3887799315343537,0.8009792345675114,0.4443196529344702,0.04282990990218003,0,0.7319546844953778,0.2437253353939067,0.012422772375658201,0,nodecline1824,LC,LC,LC,LC,LC,LC,LC,LC,LC,LC,LC,LC,EN,CR
Drakensberg Grassland_Seep,Seep,14260500.704432568,35636797.460574575,7514804.897574396,61479031.063355036,17561963.346279565,59103.217529004876,131553.68241956033,136643754.3721647,14309429.047686344,27157110.153147526,9332540.999305967,59377471.56357821,26276545.708498094,59103.217529004876,131553.68241956033,136792000,82462.86270556157,106005200,98473600,97270800,0.7749371308263641,0.7198783554593836,0.7110854435931926,272950,92357700,0.12874368427209232,300700,83438600,0.2128820095617951,268985.71428571426,92555914.28571428,0.12687382990915272,0.25748736854418464,0.4257640191235902,0.25374765981830544,0.4607371485814862,0.26199326688761776,0.06926108496659861,9.627493259681596e-4,0.44571537780276127,0.18491459971879756,0.05595834668863265,9.627493259681596e-4,nodecline1824,LC,LC,LC,LC,LC,LC,LC,LC,LC,LC,LC,LC,LC,LC
Drakensberg Grassland_Unchannelled valley-bottom,Unchannelled valley-bottom,558486.8663296299,1136538.0806977074,1279533.8983852395,9095840.657940853,6161260.31882274,0,0,18231659.82217617,558486.8663296299,914737.2928482769,1558524.3475687476,9150873.722529652,6049037.592899864,0,0,18230400,56270.53514656275,11713200,11278000,10823600,0.642509215376514,0.6186370019308408,0.5937116025978585,27800,10323200,0.11866953522521599,113600,5598000,0.5220776559778711,15542.857142857143,10936057.142857144,0.06634761270556777,0.23733907045043198,1.0441553119557423,0.13269522541113554,0.4674450552741636,0.41727204295547,0.08548450128896266,0,0.4704635991218203,0.40812489316838463,0.07018197524884005,0,nodecline1824,LC,LC,LC,LC,LC,EN,LC,LC,LC,EN,EN,LC,VU,VU
Dry Highveld Grassland_Depression,Depression,492730704.2854357,259627990.88123617,311191074.50241166,101355149.47026986,27356598.000215854,0,196994.49470534894,1192458511.6342745,492730704.2854357,259627990.88123617,311191074.50241166,101355149.47026986,27356598.000215854,0,196994.49470534894,1192470000,222295.37275812015,1043379600,998871200,976211600,0.874973458451785,0.8376489135995036,0.8186466745494646,2099000,938429600,0.10058659379577672,5664900,715626200,0.31412670901367057,1589585.7142857143,963900314.2857143,0.07617485114169928,0.20117318759155348,0.6282534180273411,0.15234970228339856,0.501797464683693,0.2840724970238842,0.26113115547337323,1.652002923232661e-4,0.501797464683693,0.2840724970238842,0.26113115547337323,1.652002923232661e-4,nodecline1824,LC,LC,LC,LC,LC,VU,LC,LC,LC,LC,VU,LC,LC,LC
Dry Highveld Grassland_Floodplain,Floodplain,625229248.9385422,638096976.5291564,17691734.241600618,100326984.41782947,78832893.02134377,2508.297430802777,139785.4655930145,1460320130.9114964,677935715.0513662,545443805.7212435,34730086.54401748,94715983.65799503,106325463.64771476,2508.297430802777,1166567.9917285773,1460246800,196743.16017654142,1244729200,1174981600,1148753200,0.8524101542287236,0.8046458995835498,0.7866842783014487,2999250,1094766700,0.12047801240623261,6557100,847126600,0.31942899708627387,2490985.714285714,1120179914.2857144,0.10006135126763765,0.24095602481246522,0.6388579941725477,0.20012270253527534,0.4709025217456319,0.09739277263275037,0.024581359782625357,7.988440116897065e-4,0.5031526183895737,0.06619570529759872,0.01221069225147477,9.57224807315118e-5,nodecline1824,LC,LC,LC,LC,LC,VU,LC,LC,LC,LC,VU,LC,LC,LC
Dry Highveld Grassland_Seep,Seep,50857771.472822405,123566101.31474282,10299638.89911172,34282132.17016886,14093467.521728208,20306.049780429184,467986.049268223,233587403.47762266,49856093.0520595,118936902.99246529,20817659.705648407,29977669.370565653,13348422.936743371,20306.049780429184,630349.3703600233,233550800,268321.7797535872,181258000,171034000,168874800,0.7760966778962007,0.7323203345910183,0.7230752367365044,386975,161909250,0.10674701254565316,539800,144044000,0.20530955875051032,365142.85714285716,163000857.14285713,0.10072461826315454,0.21349402509130636,0.41061911750102065,0.20144923652630908,0.6582274504786252,0.14905229282137908,0.09182005860201756,0.002698558916172078,0.6355115799249528,0.10651857998101419,0.04609677057954654,0.0020034729711487006,nodecline1824,LC,LC,LC,LC,LC,LC,LC,LC,LC,LC,LC,LC,LC,EN
Dry Highveld Grassland_Unchannelled valley-bottom,Unchannelled valley-bottom,360384789.7013439,347296907.9202281,6559668.856161872,50476001.54891347,59986608.10537118,0,0,824703976.1320186,342973093.2444781,350555658.1288072,30010125.246201903,49090618.83962684,52058676.602426745,0,15804.070477777313,824696800,238257.5274461146,679661200,651323200,635626000,0.824134639542678,0.7897729201810896,0.7707390158419434,1376100,610856200,0.10123426201171996,3924300,455108200,0.33038961176539133,1012071.4285714285,629057628.5714285,0.07445411247334917,0.20246852402343993,0.6607792235307827,0.14890822494669834,0.5246006768114049,0.09953220585172289,0.03640812968734024,1.9163325187178918e-5,0.5018081600900554,0.08069110721842855,0.007953967782388624,0,nodecline1824,LC,LC,LC,LC,LC,VU,LC,LC,LC,LC,VU,LC,LC,LC
East Coast Renosterveld_Depression,Depression,824202.9070137421,11105794.053287905,7557506.814485467,0,0,0,0,19487503.774787113,824202.9070137421,11105794.053287905,7557506.814485467,0,0,0,0,19494400,5515.560258509748,18196400,17531600,17512400,0.933416776099803,0.8993146749835851,0.8983297767564018,21375,17127650,0.05873414521553714,4800,17291600,0.049724121254753686,23742.85714285714,17009257.14285714,0.06524053423440121,0.11746829043107429,0.09944824250950739,0.13048106846880242,0.9577060809563464,0.38781297501342127,0.38781297501342127,0,0.9577060809563464,0.38781297501342127,0.38781297501342127,0,nodecline1824,LC,LC,LC,LC,VU,LC,LC,LC,LC,EN,EN,VU,CR,CR
East Coast Renosterveld_Floodplain,Floodplain,32537138.72249758,159660302.22720286,18470272.87539526,4216135.444060431,135762148.87218595,4366.422145124292,0,350650364.56348723,12347654.145534618,145877231.14779583,82325018.04839535,4239259.66297115,105596030.62485845,4366.422145124292,260804.51178667494,350632400,24251.471728539895,223387600,166132400,163625200,0.6370991385850252,0.4738078968172936,0.46665738819344704,1867575,130008850,0.41801223523597547,626800,134792400,0.39659855784295994,2044828.5714285714,121146171.42857143,0.45768623044174594,0.8360244704719509,0.7931971156859199,0.9153724608834919,0.9526967159177083,0.5366776670586162,0.23552184998578374,7.437736792640774e-4,0.8951854100813187,0.43985919809816965,0.05267432959434757,0,nodecline1824,VU,VU,VU,LC,VU,VU,VU,VU,LC,EN,EN,VU,CR,CR
East Coast Renosterveld_Seep,Seep,18864772.3593422,27182600.74131576,5677514.426657053,6341130.464115869,24267359.542919766,350.991987407906,0,82333728.52633806,15544584.915316593,21608313.01812039,16450292.335522493,5619664.792464099,20846636.987575367,350.991987407906,2263885.4853517087,82334400,24463.423031526334,56875600,45066000,44748400,0.6907878116558814,0.5473532326706698,0.5434957927670573,378975,37926850,0.3331613204959596,79400,41096000,0.2774405896377357,421771.4285714286,35787028.57142857,0.3707841575046493,0.6663226409919192,0.5548811792754714,0.7415683150092987,0.742945569372455,0.4804976831309371,0.22729661532196554,0.027496452861690886,0.693856900754897,0.363705440012776,0.06895733411175288,0,nodecline1824,VU,LC,VU,LC,LC,LC,LC,VU,LC,EN,EN,VU,EN,EN
East Coast Renosterveld_Unchannelled valley-bottom,Unchannelled valley-bottom,7243761.367351058,4043696.2374801473,23749.58404973941,63596.57868537633,108857.2998947167,0,0,11483661.067461038,7320161.158169207,153541.36676712142,101980.07984748401,9205.27651398955,3898773.186163235,0,0,11472400,14167.301642170816,9244400,8264800,8235200,0.8057947770300896,0.7204072382413444,0.7178271329451553,31537.5,7667525,0.17057624075115746,7400,7894800,0.14599108649560816,34985.71428571428,7495114.285714285,0.18922652787479063,0.3411524815023149,0.2919821729912163,0.37845305574958127,0.361756987460126,0.34838656788181044,0.008880450167276762,0,0.3636734920066704,0.01154743972026463,0.002068119557885061,0,nodecline1824,LC,LC,EN,LC,LC,LC,LC,LC,LC,LC,LC,EN,LC,LC
Eastern Fynbos-Renosterveld_Depression,Depression,2126491.3357114214,277911.8251848607,1868523.1031766732,0,0,0,0,4272926.264072956,2126491.3357114214,277911.8251848607,1868523.1031766732,0,0,0,0,4272000,16108.154128042414,3299600,2592400,2586800,0.772378277153558,0.6068352059925094,0.6055243445692884,22275,2185850,0.3375409140501879,1400,2522400,0.23554370226694143,25257.14285714286,2036742.857142857,0.3827303742444972,0.6750818281003758,0.47108740453388287,0.7654607484889944,0.5023337159849678,0.4372935519359035,0.4372935519359035,0,0.5023337159849678,0.4372935519359035,0.4372935519359035,0,nodecline1824,VU,LC,EN,LC,LC,LC,LC,EN,LC,EN,EN,EN,VU,VU
Eastern Kalahari Bushveld_Depression,Depression,484480019.89512503,69222588.451934,179897599.3835547,294269859.35963815,12365164.333279183,0,224820.2315803357,1040460051.6551114,484480019.89512503,69222588.451934,179897599.3835547,294269859.35963815,12365164.333279183,0,224820.2315803357,1040715600,220927.50704246527,993974000,981452000,973402800,0.9550870574055006,0.9430549518043162,0.9353206582086403,642850,961831500,0.03233736496125653,2012300,880837000,0.113822896775972,447214.28571428574,971613285.7142857,0.022496276850012445,0.06467472992251307,0.227645793551944,0.04499255370002489,0.2515331290077239,0.18500237817128556,0.17311805419977958,2.1607771602831171e-4,0.2515331290077239,0.18500237817128556,0.17311805419977958,2.1607771602831171e-4,nodecline1824,LC,LC,LC,LC,LC,LC,LC,LC,LC,LC,LC,LC,LC,LC
Eastern Kalahari Bushveld_Seep,Seep,21641207.60693438,47776375.217401,11221062.540896641,191902768.00821337,13149331.787699465,0,21965.811621453402,285712710.9727663,29886730.415105935,43444821.03872832,19212930.225297388,183943904.77823767,9165506.304950893,0,58818.21044607957,285658000,71282.8928434144,257301600,249483600,245457200,0.9007330444097488,0.8733646528366088,0.859269476086789,370137.5,238794725,0.07192677775808623,1006600,199153600,0.22599159896401733,279214.28571428574,243340885.7142857,0.05425817128892435,0.14385355551617246,0.45198319792803465,0.1085163425778487,0.25158865188281515,0.09953094016669407,0.06745149129042573,2.0586487120513876e-4,0.2525919659363618,0.08537373103621773,0.03935081611958722,7.688076441074807e-5,nodecline1824,LC,LC,LC,LC,LC,LC,LC,LC,LC,LC,LC,LC,LC,LC
Eastern Kalahari Bushveld_Unchannelled valley-bottom,Unchannelled valley-bottom,87912532.06431714,38719350.05086662,4953468.640304803,246611568.18432578,5382476.933046752,289658.04167868727,0,383869053.91453975,135520952.01420635,46592570.22580246,6397508.970988182,183666126.88345295,11077744.628131015,289658.04167868727,324493.15028009925,383872800,104831.18896397424,348480800,341818400,338193200,0.9078027930085174,0.8904470439166308,0.8810032906733689,321487.5,332406425,0.046127003266750996,906300,296503400,0.14915427191397632,237942.85714285713,336583657.14285713,0.034140023947209906,0.09225400653350199,0.29830854382795263,0.06828004789441981,0.16850010272325966,0.047123894480708,0.017511185266746696,8.453225050861764e-4,0.12854631849766787,0.027680281873922054,0.012904058271411445,0,nodecline1824,LC,LC,LC,LC,LC,LC,LC,LC,LC,LC,LC,LC,LC,LC
Kalahari Duneveld_Depression,Depression,156900076.07191706,102551749.29080285,83215982.42881276,0,0,0,0,342667807.79153264,156900076.07191706,102551749.29080285,83215982.42881276,0,0,0,0,342587200,95960.88259812495,336211600,334083600,333702800,0.9813898476066824,0.9751782903739544,0.9740667485533611,78400,332291600,0.01165932406853303,95200,329323600,0.02048709800613661,76000,332411600,0.011302405984802429,0.02331864813706606,0.04097419601227322,0.022604811969604857,0.5421219253622749,0.24284738903585162,0.24284738903585162,0,0.5421219253622749,0.24284738903585162,0.24284738903585162,0,nodecline1824,LC,LC,LC,LC,LC,LC,LC,LC,LC,LC,LC,LC,LC,LC
Karoo Interior_Depression,Depression,328678776.14714986,71892249.75536495,268642885.05758995,0,0,0,0,669213910.9601047,328678776.14714986,71892249.75536495,268642885.05758995,0,0,0,0,669334800,405700.26043990965,650522000,646189200,644903200,0.9718932886800448,0.9654199960916421,0.9634986855606492,175587.5,641742625,0.013495892529384095,321500,630114200,0.03137142171978811,154742.85714285713,642784857.1428572,0.011893745111068965,0.02699178505876819,0.06274284343957622,0.02378749022213793,0.5088584221514426,0.4014305152027916,0.4014305152027916,0,0.5088584221514426,0.4014305152027916,0.4014305152027916,0,nodecline1824,LC,LC,LC,LC,LC,LC,LC,LC,LC,EN,EN,LC,VU,VU
Karoo Interior_Floodplain,Floodplain,191074997.29833138,169720355.85312337,434478.0414754701,605894264.0451337,326196948.4982694,158363.49369066325,0,1293479407.2300239,203299502.24217692,223538599.9851295,105241474.34870067,491927066.17159504,269314400.9887312,158363.49369066325,0,1293593200,294679.01536461833,1016356000,971889600,965473600,0.7856844021752742,0.7513100718216515,0.7463502436469208,1590075,936852250,0.07822431313437418,1604000,891689600,0.12266017025530425,1588085.7142857143,936951714.2857143,0.07812644950616293,0.15644862626874836,0.24532034051060853,0.15625289901232586,0.4625143898482356,0.28969478503996454,0.08136308453033239,0,0.3838562431773317,0.25264398351207873,3.358986923540603e-4,0,nodecline1824,LC,LC,LC,LC,LC,LC,LC,LC,LC,LC,LC,LC,LC,LC
Karoo Interior_Seep,Seep,5241312.4156123325,3522758.6865375065,127056.90712723447,75711124.52166116,1805955.030271531,2399.7474573464133,0,86410607.30866711,3759976.4413745683,3924244.7754496187,1574176.9049216234,76720588.1234907,371877.21177239553,2399.7474573464133,57344.10420085071,86424400,363773.3067994029,82649200,81499200,81151200,0.9563178917065088,0.9430114643549738,0.9389848237303354,46812.5,80308575,0.02831999583783025,87000,77149200,0.06654631865765186,41071.42857142857,80595628.57142857,0.024846839758538894,0.056639991675660493,0.1330926373153037,0.04969367951707779,0.06862632874016433,0.02321240448163164,0.01888102699353243,6.636234368312212e-4,0.06316551337148346,0.022397848425513695,0.0014703855358101446,0,nodecline1824,LC,LC,LC,LC,LC,LC,LC,LC,LC,LC,LC,LC,LC,LC
Karoo Interior_Unchannelled valley-bottom,Unchannelled valley-bottom,59884969.92886671,2770433.9937381195,94107.32354488022,149483729.40033987,485031.41994044854,240407.34925935368,0,212958679.41568938,98680378.95890705,6574825.006632072,767291.0004792191,106177430.91322362,518346.18718805275,240407.34925935368,0,212983200,233706.0308854883,195555200,193209200,192068000,0.9181719497124656,0.907156996420375,0.9017988273253478,108975,190106450,0.027862976796321447,285300,178944200,0.08494276807776015,83785.71428571429,191365914.2857143,0.021422522716275004,0.055725953592642895,0.1698855361555203,0.04284504543255001,0.03803963081376001,0.007165918482936445,0.003603004125422325,0,0.016857636872715864,0.0038483807985348717,4.419041468659061e-4,0,nodecline1824,LC,LC,LC,LC,LC,LC,LC,LC,LC,LC,LC,LC,LC,LC
Knersvlakte_Depression,Depression,1346887.8103626315,3733.371409634128,232658.0379646478,0,0,0,0,1583279.2197369135,1346887.8103626315,3733.371409634128,232658.0379646478,0,0,0,0,1584000,3661.9701498253585,1366400,1363600,1363600,0.8626262626262626,0.8608585858585859,0.8608585858585859,87.5,1362025,0.003201844262295082,0,1363600,0.0020491803278688526,100,1361400,0.003659250585480094,0.006403688524590164,0.004098360655737705,0.007318501170960188,0.149304940295725,0.14694694092132882,0.14694694092132882,0,0.149304940295725,0.14694694092132882,0.14694694092132882,0,nodecline1824,LC,LC,LC,LC,LC,LC,LC,LC,LC,LC,LC,LC,LC,LC
Kwa-Zulu Natal Coastal Belt_Floodplain,Floodplain,2625319.7476279875,21056200.688277077,15381863.502193455,10769.569078624481,23243332.702172343,539.892442699289,4471449.914618223,66789476.01641041,2598469.810621732,16690886.022427918,12850861.050440125,40471.35344490199,18578749.530142777,539.892442699289,16029498.356890254,66796000,3886.415166098288,33752400,23878400,23356000,0.5053057069285586,0.35748248398107674,0.34966165638660995,324887.5,17508025,0.48128059041727406,130600,17348400,0.4860098837416006,352642.85714285716,16120257.142857142,0.5223967142230733,0.9625611808345482,0.9720197674832012,1.0447934284461466,0.9604886679539417,0.7105857338700314,0.432408833395165,0.24000036102920988,0.9605313670066985,0.6452691139669607,0.29725212115653743,0.06694842033974892,nodecline1824,EN,VU,EN,LC,VU,VU,VU,EN,LC,EN,EN,EN,CR,CR
Kwa-Zulu Natal Coastal Belt_Seep,Seep,1216686.4852555732,3411859.614141301,31145131.75728041,282428.2098371845,8065031.043873435,54064.99436810816,2992612.5708581903,47167814.6756142,1047697.8460246159,2601619.16288416,14276350.30707418,266394.12780696707,1894990.984914259,54064.99436810816,27026697.25254191,47195600,8814.816858990704,11392000,5803200,5656400,0.24137843358279162,0.12296061497258219,0.11985015552297248,179237.5,2430125,0.7866814431179775,36700,3968200,0.6516678370786517,199600,1412000,0.8760533707865169,1.5733628862359552,1.3033356741573034,1.7521067415730336,0.9721400708752578,0.9169834099025969,0.8756616740391366,0.5729902357870893,0.9682174231432477,0.8958829374859073,0.7237508153157631,0.06344607210317449,nodecline1824,CR,EN,EN,LC,EN,EN,EN,EN,LC,EN,EN,CR,CR,CR
Kwa-Zulu Natal Coastal Belt_Unchannelled valley-bottom,Unchannelled valley-bottom,430270.82834750554,6019736.967540483,13214379.344925856,24384.936240323354,3981778.9083276247,131.23829559376463,3542412.568314773,27213094.791992158,1933410.709731161,3902323.4567209105,9306314.844577568,44952.240267618094,2403298.738826525,131.23829559376463,9622663.563572783,27177200,6929.909891985897,10268800,6948400,6788000,0.37784613573142195,0.25567019413331765,0.2497681880399747,108775,4830050,0.5296383219071362,40100,4943400,0.5186000311623559,118585.71428571429,4339514.285714285,0.5774078484619152,1.0592766438142724,1.0372000623247117,1.1548156969238303,0.927301067183989,0.783902328946057,0.6955834517476666,0.3536041614202729,0.9832927578409193,0.7620853937556014,0.6157620822373924,0.1301730874563072,nodecline1824,EN,EN,EN,LC,VU,EN,EN,EN,LC,EN,EN,EN,CR,CR
Lowveld_Depression,Depression,32591150.191398896,19590315.654100925,38156729.10886959,0,0,0,0,90338194.95436941,32591150.191398896,19590315.654100925,38156729.10886959,0,0,0,0,90352800,503501.63480079285,77594000,70797200,70156000,0.858789102274639,0.7835639847353928,0.7764673590635819,232437.5,65972125,0.14977801118643194,160300,62782200,0.1908884707580483,242742.85714285713,65456857.14285714,0.1564185743374856,0.2995560223728639,0.3817769415160966,0.3128371486749712,0.6392317755755363,0.42237648348124374,0.42237648348124374,0,0.6392317755755363,0.42237648348124374,0.42237648348124374,0,nodecline1824,LC,LC,LC,LC,LC,LC,LC,LC,LC,EN,EN,LC,VU,VU
Lowveld_Floodplain,Floodplain,115001475.6352486,202520684.5639891,19241359.952596687,193729660.67208928,93287307.99362677,14320.192321619583,1876185.1108763104,625670994.1207484,94290053.177899,149327698.11650127,54868530.154484734,190243567.78266215,129281304.04294573,14320.192321619583,7645520.653933841,625718800,93456.81456381374,488953600,416988000,408938400,0.7814270563710088,0.666414370161165,0.6535498054397598,2500475,363929850,0.25569655280173825,2012400,316368000,0.35296927970261394,2570200,360443600,0.2628265749551696,0.5113931056034765,0.7059385594052279,0.5256531499103392,0.5452344384920471,0.3065663533167858,0.09991521326039604,0.012219714076210364,0.5065599345208646,0.18287434502252087,0.03375183644744368,0.002998676826169482,nodecline1824,LC,LC,LC,LC,LC,VU,LC,LC,LC,LC,VU,LC,LC,LC
Lowveld_Seep,Seep,29994614.56923344,98281566.42911354,16393609.737989368,52854822.06773937,38970546.871390626,50469.3583141164,2130466.9360422483,238676095.9698227,23774558.700246006,59246072.53465418,45693547.04806241,48077256.88793195,53181189.18658573,50469.3583141164,8653002.2540283,238702400,101274.83067140928,149355600,130972400,129526400,0.6256979401966632,0.5486848896366354,0.5426271373894859,619662.5,118372475,0.20744535189842228,361500,112897400,0.24410333459207423,656542.8571428572,116528457.14285713,0.21979184481293548,0.41489070379684456,0.48820666918414846,0.43958368962587097,0.6989568004444708,0.45072887341257817,0.227700009426005,0.03625416369774354,0.6528792030876523,0.24110119896972063,0.07761178009369539,0.008926184783547056,nodecline1824,LC,LC,LC,LC,LC,LC,LC,LC,LC,LC,LC,LC,EN,EN
Lowveld_Unchannelled valley-bottom,Unchannelled valley-bottom,10280037.697390696,15337209.871906428,4241346.366261953,17614020.293418355,19113939.17162345,45736.41686185228,720404.3003456638,67352694.1178084,8057124.3258388145,7757621.703918187,11858256.339652598,17676602.619797476,18869561.117656514,45736.41686185228,3087791.594082957,67376000,93756.61844110959,42105600,36401600,35951600,0.6249346948468297,0.5402754690097364,0.5335965328900498,192312.5,32489975,0.22836926679586564,112500,30776600,0.2690615975072199,203714.2857142857,31919885.714285716,0.2419087790154821,0.4567385335917312,0.5381231950144398,0.48381755803096427,0.6179257966930805,0.5027467113494545,0.22190720251803175,0.04584510886352992,0.5858508949616951,0.3581360266435888,0.07366818405109209,0.010695998278637308,nodecline1824,LC,LC,LC,LC,LC,LC,LC,LC,LC,EN,EN,LC,LC,VU
Maputaland Coastal Belt_Depression,Depression,70818124.74144916,6686823.177169227,145529239.53285512,0,0,0,0,223034187.4514735,70818124.74144916,6686823.177169227,145529239.53285512,0,0,0,0,223124800,35296.82801753108,201033600,194238000,190870800,0.9009917319813844,0.870535234093207,0.8554441281291905,317587.5,185154225,0.07898866159686739,841800,152148000,0.24317129076930424,242700,188898600,0.060363043789694856,0.15797732319373478,0.48634258153860854,0.12072608757938971,0.6824786121326922,0.6524974542950664,0.6524974542950664,0,0.6824786121326922,0.6524974542950664,0.6524974542950664,0,nodecline1824,LC,LC,LC,LC,VU,LC,LC,VU,LC,EN,EN,VU,EN,EN
Maputaland Coastal Belt_Floodplain,Floodplain,329795042.01407343,37809265.59279514,27601969.885536883,19250628.019515067,145760674.6459259,0,0,560217580.1578465,215419653.06193537,34360506.452847876,136226964.74819583,131433544.02971777,15266957.000007568,0,27509954.865142044,560289600,10711.398244155635,417728800,359858000,344979600,0.7455587253448931,0.6422714253486055,0.6157165865652334,2273412.5,304058175,0.27211584405959083,3719600,173878000,0.5837538613569379,2066814.2857142857,314388085.71428573,0.2473870948943771,0.5442316881191817,1.1675077227138757,0.49477418978875426,0.3808598491430346,0.31952563245678484,0.2922737975613038,0.04910584001557192,0.3769462394678123,0.30945591618637935,0.04927008873545128,0,nodecline1824,LC,LC,EN,LC,LC,EN,LC,EN,LC,EN,EN,EN,LC,LC
Maputaland Coastal Belt_Seep,Seep,1684232.118553698,9322921.69926859,8388986.684342857,7161300.347159527,9021460.284979189,0,1839876.5465964545,37418777.68090032,1808050.359026277,9334788.174684206,7602632.584011767,7150935.414196066,3092530.399247321,0,8429840.749734681,37421200,10920.001494747903,20683200,17086000,15782800,0.5527134351650936,0.45658610627131146,0.4217609269611878,153137.5,13026325,0.3701977933782007,325800,796000,0.9615146592403496,128471.42857142857,14259628.57142857,0.31056951673684097,0.7403955867564014,1.9230293184806992,0.6211390334736819,0.7605751355743701,0.511107121031261,0.42846063734278284,0.2252837017184965,0.7636071241785043,0.5144562358525263,0.27336176820549735,0.04916987300564826,nodecline1824,VU,VU,EN,LC,LC,CR,VU,EN,LC,EN,CR,EN,EN,EN
Maputaland Coastal Belt_Unchannelled valley-bottom,Unchannelled valley-bottom,10721225.136379618,15277277.428603038,6113541.927133581,14595559.1617721,10851088.025529768,0,736370.8011274297,58295062.480545536,11077201.027511602,8002369.239991837,11312861.067282602,15201498.675401183,7145371.621443125,0,5555760.848915183,58330000,8876.367657461555,38917200,33952000,31927600,0.6671901251500085,0.5820675467169553,0.5473615635179153,218425,27995950,0.28062784578541106,506100,8647000,0.777810325511599,177328.57142857142,30050771.42857143,0.22782801875336794,0.5612556915708221,1.555620651023198,0.45565603750673583,0.5492122559833842,0.4119387220084884,0.289366220712556,0.09530414090849074,0.5657130600623245,0.30364494007872495,0.11750416650718903,0.012631786806527129,nodecline1824,LC,LC,EN,LC,LC,EN,LC,EN,LC,EN,EN,EN,LC,VU
Mesic Highveld Grassland_Depression,Depression,149989475.70242882,205390672.39557257,112125153.34622823,4506108.369045681,1244502.9435635337,0,0,473255912.75683886,149989475.70242882,205390672.39557257,112125153.34622823,4506108.369045681,1244502.9435635337,0,0,473276400,215528.32079582984,396883600,375169200,369296800,0.8385873455764961,0.7927063339731286,0.780298362648127,862087.5,353779225,0.1086070953801064,1468100,301764200,0.23966573574720648,775514.2857142857,358107885.71428573,0.09770047007665288,0.21721419076021284,0.47933147149441296,0.19540094015330578,0.6735474826473956,0.23955254067378473,0.23692287898331799,0,0.6735474826473956,0.23955254067378473,0.23692287898331799,0,nodecline1824,LC,LC,LC,LC,LC,LC,LC,LC,LC,LC,LC,LC,EN,EN
Mesic Highveld Grassland_Floodplain,Floodplain,1724318009.22293,2384175187.838474,35932072.17140092,185826430.35257158,377557043.1550806,294813.009007412,890669.4262709253,4708994225.175735,1359493046.8457775,2234083988.4611926,196481736.32047382,195974558.0395667,716555806.2386986,294813.009007412,6110276.261018989,4708445600,188195.0316281071,3557550800,3314588800,3264422400,0.7555679946689837,0.7039666763910366,0.6933121198214545,9160262.5,3099537675,0.1287439451321398,12541600,2687508800,0.24456207343546577,8677214.285714285,3123690085.714286,0.12195488938224414,0.2574878902642796,0.48912414687093153,0.24390977876448827,0.6696815645750137,0.1952524441235402,0.043022353159486465,0.0012975756539159822,0.5943625436269852,0.08806012025769357,0.007819661659554838,1.8914217849517247e-4,nodecline1824,LC,LC,LC,LC,LC,LC,LC,LC,LC,LC,LC,LC,LC,EN
Mesic Highveld Grassland_Seep,Seep,360258649.90538394,662032263.9903642,49294970.15966554,296885074.4078874,211676879.70778292,316142.13776408695,4543246.890873222,1585007227.1997213,282386846.50491506,544727455.8604293,174434774.75019482,289403134.1357106,279823685.13182944,316142.13776408695,13915188.678878026,1584661600,242807.25631657892,1154054400,1062242400,1043992400,0.7282655173823862,0.6703275954942052,0.6588109410867279,3439437.5,982082525,0.14901539736774974,4562500,834117400,0.2772286990977202,3279000,990104400,0.14206436022426672,0.2980307947354995,0.5544573981954404,0.28412872044853343,0.6392508684955186,0.2955758072638956,0.11883224265282137,0.008779258819824057,0.5854001716608785,0.1677161052229002,0.03396717448768755,0.002866388753885942,nodecline1824,LC,LC,LC,LC,LC,LC,LC,LC,LC,LC,LC,LC,LC,LC
Mesic Highveld Grassland_Unchannelled valley-bottom,Unchannelled valley-bottom,58136591.54418431,238481487.89297345,8687117.233290367,24760127.227659173,30689556.261081453,10975.629807149277,0,360765855.7889959,54030260.0949015,204550017.26117688,21393930.34268535,24753449.23627803,54993040.17322871,10975.629807149277,1034183.0509182905,360748000,227037.3985112537,265490800,244988400,240292400,0.7359453136261324,0.6791122889108187,0.6660948917249715,787450,226118300,0.1483008074102756,1174000,186288400,0.29832446171392757,732228.5714285715,228879371.42857143,0.13790093129942194,0.2966016148205512,0.5966489234278551,0.27580186259884387,0.781620937605419,0.21463264317875988,0.06216806006919168,0.002866632288847095,0.7702201651246953,0.10917787393720525,0.024079654695402415,0,nodecline1824,LC,LC,LC,LC,LC,LC,LC,LC,LC,LC,LC,LC,EN,EN
Mopane_Depression,Depression,5943706.442035513,1000197.8521002203,5630249.09873647,0,0,0,0,12574153.392872203,5943706.442035513,1000197.8521002203,5630249.09873647,0,0,0,0,12586400,39936.498674386356,11804400,11644800,11574000,0.937869446386576,0.9251890929892582,0.9195639738130045,7200,11444400,0.030497102775236352,17700,10759800,0.08849242655281081,5700,11519400,0.02414353969706211,0.060994205550472705,0.17698485310562162,0.04828707939412422,0.5273076241137024,0.4477636722586857,0.4477636722586857,0,0.5273076241137024,0.4477636722586857,0.4477636722586857,0,nodecline1824,LC,LC,LC,LC,LC,LC,LC,LC,LC,EN,EN,LC,VU,VU
Mopane_Floodplain,Floodplain,13775308.465345675,44919265.70457032,2621864.029664058,245805969.6012854,7133374.403511301,0,678132.8852380505,314933915.0896148,13605261.111800253,44741136.920571156,2329982.629342605,241497950.92264247,11765403.969698815,0,994179.5355595043,314940800,35300.60099009381,289971200,283693200,282088400,0.9207165283126225,0.9007826232739613,0.8956870624574523,246337.5,277654325,0.04247620108479739,401200,263633200,0.09082970998499161,224214.2857142857,278760485.71428573,0.0386614749523893,0.08495240216959478,0.18165941996998322,0.0773229499047786,0.1899785961068918,0.047913436475417924,0.01055511015368483,0.0031567877828483776,0.17575953039936354,0.0331287639041498,0.010478378976627812,0.0021532545487998236,nodecline1824,LC,LC,LC,LC,LC,LC,LC,LC,LC,LC,LC,LC,LC,LC
Mopane_Seep,Seep,161667.66878200206,0,0,954240.1640411462,0,0,0,1115907.8328231482,0,161667.66878200206,0,954240.1640411462,0,0,0,1112800,12961.127584166054,1098000,1070800,1069200,0.9867002156721782,0.9622573687994249,0.9608195542774982,900,1053000,0.040983606557377046,400,1050800,0.04298724954462659,971.4285714285714,1049428.5714285714,0.044236273744470526,0.08196721311475409,0.08597449908925318,0.08847254748894105,0.14487546733406928,0,0,0,0,0,0,0,nodecline1824,LC,LC,LC,LC,LC,LC,LC,LC,LC,LC,LC,LC,LC,LC
Mopane_Unchannelled valley-bottom,Unchannelled valley-bottom,0,0,0,48559249.466104105,0,0,0,48559249.466104105,0,0,0,48559249.466104105,0,0,0,48566800,4051.2880051861944,48322400,48306400,48290800,0.9949677557508422,0.9946383125921411,0.9943171055124077,987.5,48273025,0.0010217828584672946,3900,48111400,0.004366504974918464,571.4285714285714,48293828.571428575,5.912667535433956e-4,0.002043565716934589,0.008733009949836928,0.0011825335070867911,0,0,0,0,0,0,0,0,nodecline1824,LC,LC,LC,LC,LC,LC,LC,LC,LC,LC,LC,LC,LC,LC
Namaqualand_Depression,Depression,12424962.468761027,87970600.79946929,22552344.50594097,0,0,0,0,122947907.7741713,12424962.468761027,87970600.79946929,22552344.50594097,0,0,0,0,122969200,35047.14333630706,110820800,109679600,109594000,0.9012077821112929,0.8919274094651344,0.8912313001954961,38337.5,108903925,0.017297068781311813,21400,108609600,0.01995293302340355,40757.142857142855,108782942.85714285,0.018388760438989335,0.034594137562623625,0.0399058660468071,0.03677752087797867,0.8989412451687833,0.18343007956967228,0.18343007956967228,0,0.8989412451687833,0.18343007956967228,0.18343007956967228,0,nodecline1824,LC,LC,LC,LC,LC,LC,LC,LC,LC,LC,LC,LC,CR,CR
Northwest Fynbos_Depression,Depression,3537374.179080071,6099515.344632279,1712041.1123904414,0,0,0,0,11348930.636102792,3537374.179080071,6099515.344632279,1712041.1123904414,0,0,0,0,11346000,28828.45779763587,10131200,9936000,9930000,0.8929314295787062,0.8757271285034374,0.8751983077736647,6287.5,9816825,0.031030381396083388,1500,9861000,0.02667008843967151,6971.428571428572,9782628.57142857,0.03440573955419191,0.06206076279216678,0.05334017687934302,0.06881147910838382,0.6883077099945338,0.15085483974535543,0.15085483974535543,0,0.6883077099945338,0.15085483974535543,0.15085483974535543,0,nodecline1824,LC,LC,LC,LC,LC,LC,LC,LC,LC,LC,LC,LC,EN,EN
Northwest Fynbos_Floodplain,Floodplain,10143724.58504273,105252819.61061,2346061.3095139717,10469511.942001626,13067932.81534755,14988268.597120397,0,156268318.85963628,3287451.0145483133,98971672.4491244,9006588.149925077,10221383.790334718,15445229.384524623,14988268.597120397,4347725.474058755,156278400,20095.181345344066,108824400,94139600,92691200,0.6963495914982493,0.602383950693122,0.5931158752585131,504162.5,83616275,0.23164037660671688,362100,76034600,0.30130926520155404,524457.1428571428,82601542.85714287,0.2409648676478541,0.46328075321343376,0.6026185304031081,0.4819297352957082,0.913553592286246,0.28020914235955946,0.08545758808590612,0.027822181141936898,0.8680907513597838,0.1945516720461421,0.015013032242455086,0,nodecline1824,LC,LC,VU,LC,VU,VU,LC,VU,LC,LC,VU,VU,CR,CR
Northwest Fynbos_Seep,Seep,4702358.835825718,8448477.034127342,3400622.5329421214,10009175.216404097,6506901.462378803,3327568.2151914816,54053.25543751009,36449156.55230707,2369163.2403636933,9140182.561421758,6599666.457258957,9934526.955708269,5016672.169929542,3327568.2151914816,61376.95243337122,36436400,17409.777007850822,25730000,22471600,22234800,0.7061619698982337,0.6167349134382102,0.6102359179282256,109225,20268750,0.21225223474543334,59200,19511600,0.24167897396035756,116371.42857142857,19911428.57142857,0.22613958136694245,0.4245044694908667,0.4833579479207152,0.4522791627338849,0.662442389348151,0.4116771199706563,0.18274890394605617,0.0016839059731132882,0.5963820443658897,0.36459404614422475,0.09478067848900514,0.0014829768518769403,nodecline1824,LC,LC,EN,LC,LC,LC,LC,EN,LC,EN,EN,EN,LC,EN
Northwest Fynbos_Unchannelled valley-bottom,Unchannelled valley-bottom,299078.0084046535,2963472.661786823,1559546.3257140927,788403.0687795948,1269412.886668495,0,0,6879912.951353659,299078.0084046535,2823173.7747500637,1796947.129644676,788403.0687795948,1172310.969774671,0,0,6888800,6268.466544469857,3565200,3156000,3123200,0.5175357101381953,0.4581349436766926,0.4533735919173151,13812.5,2874575,0.19371283518456187,8200,2746000,0.22977673061819814,14614.285714285714,2834485.7142857146,0.20495744578544975,0.38742567036912373,0.45955346123639623,0.4099148915708995,0.8419338900254137,0.43158367270259285,0.26118748047402507,0,0.8419338900254137,0.41119113459509327,0.22668111308112462,0,nodecline1824,LC,VU,EN,LC,LC,LC,VU,EN,LC,EN,EN,EN,CR,CR
Pondoland Coastal Belt_Floodplain,Floodplain,1295523.2335936246,1531472.1771438462,21191.676650488196,831351.1604044687,100422.92331191339,0,0,3779961.171104341,1295523.2335936246,1531472.1771438462,21191.676650488196,831351.1604044687,100422.92331191339,0,0,3786400,2978.645470199686,2595600,2490000,2485200,0.6855060215508134,0.6576167335727868,0.6563490386646947,3450,2423100,0.066458622283865,1200,2430000,0.0638002773925104,3771.4285714285716,2407028.5714285714,0.07265041939105742,0.13291724456773,0.1276005547850208,0.14530083878211483,0.43732903653697786,0.032173505085733745,0.005606321253373327,0,0.43732903653697786,0.032173505085733745,0.005606321253373327,0,nodecline1824,LC,LC,LC,LC,LC,LC,LC,LC,LC,LC,LC,LC,LC,LC
Pondoland Coastal Belt_Seep,Seep,4676155.930638852,4361588.141425169,661472.171576804,4003340.963959659,1528135.5924944095,286634.474658068,108198.30234780232,15625525.577100763,4676155.930638852,4361588.141425169,568850.6481710677,4003340.963959659,1384619.367179446,286634.474658068,344336.05106850225,15630800,4511.937138164227,11924000,10854000,10813200,0.7628528290298641,0.6943982393735445,0.6917880082913223,34712.5,10188375,0.14555727943643074,10200,10344000,0.13250587051325058,38214.28571428572,10013285.714285715,0.16024105046245266,0.2911145588728615,0.26501174102650116,0.3204821009249053,0.4445308830239715,0.16539863112602027,0.05844198294218319,0.022036766019130093,0.4445308830239715,0.16539863112602027,0.04925725346816877,0.006924458432704954,nodecline1824,LC,LC,EN,LC,LC,LC,LC,LC,LC,LC,LC,EN,LC,LC
Pondoland Coastal Belt_Unchannelled valley-bottom,Unchannelled valley-bottom,984087.4051658077,2629003.161471012,0,1097366.4939219165,132499.67909250676,0,0,4842956.739651243,984087.4051658077,2629003.161471012,87397.31105713057,1097366.4939219165,45102.36803537619,0,0,4839200,2092.6999056699337,3806800,3657200,3647600,0.7866589518928748,0.7557447511985452,0.753760952223508,4975,3558050,0.0653435956709047,2400,3537200,0.07082063675528003,5342.857142857143,3539657.1428571427,0.070175175250304,0.1306871913418094,0.14164127351056005,0.140350350500608,0.5702100987097365,0.02735925307935922,0.01804627126680143,0,0.5702100987097365,0.02735925307935922,0,0,nodecline1824,LC,LC,LC,LC,LC,LC,LC,LC,LC,LC,LC,LC,LC,LC
Southern Fynbos_Depression,Depression,919276.7709074311,12251351.493915597,1839190.7747109125,0,0,0,0,15009819.039533941,919276.7709074311,12251351.493915597,1839190.7747109125,0,0,0,0,15005600,26966.12315908016,14762000,14728800,14719200,0.983766060670683,0.9815535533400863,0.9809137921842512,1337.5,14695125,0.004530212708305108,2400,14608800,0.010377997561306055,1185.7142857142858,14702714.285714285,0.004016103121915361,0.0090604254166102155,0.02075599512261211,0.008032206243830721,0.9387549730955334,0.12253250821123955,0.12253250821123955,0,0.9387549730955334,0.12253250821123955,0.12253250821123955,0,nodecline1824,LC,LC,LC,LC,VU,LC,LC,LC,LC,VU,VU,VU,CR,CR
Southern Fynbos_Floodplain,Floodplain,14755201.438618362,46657070.388528146,7336908.6056076195,42042742.4971317,125210502.64256817,13066.717615539856,8530.264066805132,236024022.55413634,12553463.384441996,40507344.667314425,52267116.663793385,41233709.69851704,89210962.10007682,13066.717615539856,238359.32237713248,235901200,62791.00912450469,140746800,119064000,117545200,0.59663452326652,0.5047197725149343,0.4982814839432779,725050,104494300,0.25757246345920476,379700,100079000,0.2889429812969105,774385.7142857143,102027514.28571428,0.2750988705553925,0.5151449269184095,0.577885962593821,0.550197741110785,0.7721114465345493,0.6004876252431242,0.22245818632350206,0.0010098943310842884,0.7593552413813199,0.5616759124569664,0.031121573093220275,3.61415078621862e-5,nodecline1824,LC,LC,LC,LC,LC,LC,VU,LC,LC,EN,EN,LC,EN,EN
Southern Fynbos_Seep,Seep,20006474.046707544,17916589.78021365,9939650.111201936,41696456.57805258,21743284.30294313,204196.1492461508,15007.91724601201,111521658.885611,20590002.81184336,13778477.123118035,14102081.88403644,40269016.06034104,22245408.39375061,204196.1492461508,332476.4632753603,111568000,68268.84452848871,80792400,73550400,72926000,0.72415387924853,0.6592427936325829,0.6536462067976481,245825,68501150,0.15213374030230567,156100,65745400,0.18624276540862755,258642.85714285713,67860257.14285715,0.16006632872823248,0.30426748060461134,0.3724855308172551,0.32013265745646496,0.45428520809031214,0.3307354217904977,0.12943278006756953,0.0029812725760866333,0.44671796275870057,0.2860622662846112,0.08926210502893031,1.3457401365779358e-4,nodecline1824,LC,LC,LC,LC,LC,LC,LC,LC,LC,LC,LC,LC,LC,LC
Southern Fynbos_Unchannelled valley-bottom,Unchannelled valley-bottom,2042111.486258871,7332809.119453152,1331935.7957140398,5901058.253802662,7106793.383825999,4809.835956212738,10600.64247449569,23730118.517485432,2329518.6400485598,6176123.93785715,2689866.8044764735,5590486.248596356,6914094.591654101,4809.835956212738,25218.458896576776,23747600,49431.69230279385,16704800,14386400,14266000,0.7034310835621284,0.6058043760211558,0.600734390001516,76212.5,12894175,0.22811557157224271,30100,12881400,0.22888032182366744,82800,12564800,0.2478329581916575,0.45623114314448543,0.4577606436473348,0.495665916383315,0.6662467200570829,0.40598152444475166,0.11441515816166076,0.0010627194667399012,0.665270540717753,0.35626200736171426,0.05657520998891319,4.4671679438451406e-4,nodecline1824,LC,LC,VU,LC,LC,LC,LC,VU,LC,EN,EN,VU,EN,EN
Southwest Fynbos_Depression,Depression,1358419.8303604452,2655458.7479385147,2983699.852294189,0,0,0,0,6997578.430593149,1358419.8303604452,2655458.7479385147,2983699.852294189,0,0,0,0,7000000,3560.179104546066,6738400,6516000,6501200,0.9626285714285714,0.9308571428571428,0.9287428571428571,7412.5,6367775,0.055001929241362935,3700,6331000,0.06045945625074202,7942.857142857143,6341257.142857143,0.05893726361493192,0.11000385848272587,0.12091891250148404,0.11787452722986384,0.8058728681880171,0.4263903408712885,0.4263903408712885,0,0.8058728681880171,0.4263903408712885,0.4263903408712885,0,nodecline1824,LC,LC,LC,LC,LC,LC,LC,LC,LC,EN,EN,LC,CR,CR
Southwest Fynbos_Floodplain,Floodplain,60210807.8606251,201239750.74537918,16656191.447349718,36834272.364735976,39199394.73511362,7051.317009596853,166694.0442289174,354314162.5144421,35620532.01513718,147414609.16269284,39737946.517498426,34339778.76122348,92808185.23559512,7051.317009596853,4386059.505285464,354359600,28886.161353926047,242231200,209919600,207182400,0.6835745384067484,0.5923914577169632,0.584667100877188,1095275,187467450,0.226080496649482,684300,175704600,0.27464092156584285,1153985.7142857143,184531914.28571427,0.2381992316195673,0.452160993298964,0.5492818431316857,0.47639846323913454,0.8025472358206709,0.386491021424544,0.12453356566288926,0.012379012665367803,0.7261044279555,0.1581346089754966,0.0474801384516853,4.7046960540879547e-4,nodecline1824,LC,LC,VU,LC,LC,LC,LC,VU,LC,LC,VU,VU,EN,CR
Southwest Fynbos_Seep,Seep,23026834.254946366,31762863.255550988,23256164.180105206,102247120.23730353,21547998.788111113,151992.78211723748,1002897.6638597808,202995871.16199422,13853824.956926,35330443.801034,31098408.95710984,96438116.01893206,22853473.40236037,151992.78211723748,3269611.24351471,203046400,29174.419095189427,150540400,143367600,142150000,0.741408860240812,0.706082944588035,0.7000862856962744,262200,137430400,0.08708625724390263,304400,128147600,0.14874943868888352,256171.42857142858,137731828.57142857,0.08508394709042512,0.17417251448780527,0.29749887737776703,0.17016789418085024,0.4566788952675635,0.2826337602665678,0.16930403561360258,0.01610678692526462,0.38287437190149004,0.22640388275442908,0.11950519833285592,0.004940483065586349,nodecline1824,LC,LC,LC,LC,LC,LC,LC,LC,LC,LC,LC,LC,LC,LC
Southwest Fynbos_Unchannelled valley-bottom,Unchannelled valley-bottom,2279069.614002361,6675841.220865813,430586.8914605823,3358403.5571081047,1119107.8203421365,0,9174.992621054611,13872184.096400052,1371596.5402927005,7717687.355071555,1396176.89222306,3014630.615905014,357736.38817947375,0,14356.304728249292,13875200,16255.56406408553,10197600,9446400,9355200,0.7349515682656826,0.6808118081180812,0.6742389298892989,26325,8881350,0.12907448811485056,22800,8306400,0.18545540127088728,26828.571428571428,8856171.42857143,0.13154355646706783,0.2581489762297011,0.37091080254177455,0.26308711293413567,0.6838113504177055,0.12746872250561206,0.1016806861233448,0.0010348986596836523,0.5936131519063795,0.11237377572204461,0.031700983855581816,6.613949582341253e-4,nodecline1824,LC,LC,LC,LC,LC,LC,LC,EN,LC,LC,EN,LC,LC,EN
Sub-Escarpment Grassland_Depression,Depression,9639304.982392969,27857048.642837398,8547386.936899459,0,0,0,0,46043740.562129825,9639304.982392969,27857048.642837398,8547386.936899459,0,0,0,0,46076800,157367.15233447417,33258800,30212400,30051200,0.7218122786304605,0.6556965761511216,0.6521980693103687,100237.5,28246925,0.15069319999518924,40300,28197400,0.15218227957713448,108800,27818800,0.16356573297894092,0.3013863999903785,0.30436455915426897,0.32713146595788184,0.7906489597780175,0.1856362413771729,0.1856362413771729,0,0.7906489597780175,0.1856362413771729,0.1856362413771729,0,nodecline1824,LC,LC,LC,LC,LC,LC,LC,LC,LC,LC,LC,LC,EN,EN
Sub-escarpment Grassland_Floodplain,Floodplain,115633118.03921953,645981095.7313635,24815470.45058591,42852893.60287408,395670268.29816633,37425.39552856957,487105.42791432014,1225477376.9456522,68785101.8650064,540854063.5889894,135586694.09327668,39861043.08988171,433088528.08368284,37425.39552856957,7264520.829286709,1225455600,134789.44044240998,674886400,564311200,547233200,0.5507228495263312,0.46049093904340554,0.44655489762338185,3989162.5,475428275,0.29554325735412657,4269500,350836200,0.48015517870859453,3949114.285714286,477430685.71428573,0.292576223621804,0.5910865147082531,0.9603103574171891,0.585152447243608,0.9113438183365942,0.4700022858335624,0.11656781072417836,0.005927911005091429,0.8706740616974097,0.34354797362437656,0.020647117894223153,3.974821870056622e-4,nodecline1824,LC,VU,LC,LC,VU,VU,VU,LC,LC,EN,EN,VU,CR,CR
Sub-escarpment Grassland_Seep,Seep,184689929.17827183,503533366.99979955,137483847.7021346,185485266.8223101,342552882.7779066,696107.6651039385,5610098.024360658,1360051499.1698873,142253757.2374574,348819487.0992161,270949396.1217147,174075358.82800394,382537646.7390771,696107.6651039385,40719745.47931407,1360119200,131741.62781013254,786592000,674185200,664173200,0.5783257820343982,0.4956809667858523,0.48831984726044597,3825587.5,595312625,0.24317482888206338,2503000,549035200,0.3020076481835564,4014528.5714285714,585865571.4285715,0.255184935228719,0.48634965776412675,0.6040152963671128,0.510369870457438,0.7674138690641243,0.5109386640354034,0.22915980886845627,0.029939855589415195,0.7278226624311507,0.35759155919194757,0.1052121524911617,0.004124915878394901,nodecline1824,LC,VU,LC,LC,LC,VU,VU,LC,LC,EN,EN,VU,EN,EN
Sub-escarpment Grassland_Unchannelled valley-bottom,Unchannelled valley-bottom,46293946.95950579,120179901.40721405,10949687.484625809,25842366.594647426,69252758.18563443,558.5569699844345,63086.15480443463,272582305.3434019,33197129.033886064,75518398.05303861,33684127.734735295,25347847.967443228,101919573.33803974,558.5569699844345,2914670.6592890075,272607200,117316.2389306924,161446400,140270000,138568400,0.5922308728456182,0.5145498724905285,0.5083079243688354,714937.5,125699525,0.22141636481209861,425400,119000000,0.26291326409260285,756300,123631400,0.2342263438515817,0.44283272962419723,0.5258265281852057,0.46845268770316334,0.7852209191364286,0.5081728621912067,0.13426696332293753,0.010692809482321592,0.7353595147591289,0.2944655203532549,0.04040164538764261,2.314389216312411e-4,nodecline1824,LC,LC,LC,LC,LC,LC,LC,LC,LC,LC,LC,LC,EN,EN
Sub-escarpment Savanna_Depression,Depression,1073410.0588422113,1198555.9889960869,1582936.1931137566,0,0,0,0,3854902.240952055,1073410.0588422113,1198555.9889960869,1582936.1931137566,0,0,0,0,3860000,118572.8212829238,2410400,2193200,2151600,0.6244559585492228,0.5681865284974094,0.5574093264248705,8087.5,2006025,0.16776261201460338,10400,1673200,0.30584135413209423,7757.142857142857,2022542.8571428573,0.1609098667678156,0.33552522402920676,0.6116827082641885,0.3218197335356312,0.7215467496324606,0.4106293997024461,0.4106293997024461,0,0.7215467496324606,0.4106293997024461,0.4106293997024461,0,nodecline1824,LC,LC,LC,LC,LC,VU,LC,LC,LC,EN,EN,LC,EN,EN
Sub-escarpment Savanna_Floodplain,Floodplain,7207583.754276565,58498559.50961199,26243376.710744943,867940.2763800318,79271383.50831456,57647.683310700755,349872.95551355224,172496364.39815235,5027447.449791733,40027417.993388526,66224816.43123768,1078125.6304584255,49966769.52688189,57647.683310700755,10114139.68308339,172450400,83434.90555992202,73617200,58523600,57272800,0.42688912290142556,0.3393648260601309,0.33211172603832756,510762.5,48079075,0.34690432398950244,312700,42888600,0.4174106051303228,539057.1428571428,46664342.85714286,0.36612173707852436,0.6938086479790049,0.8348212102606455,0.7322434741570487,0.9646046274566261,0.7325567339659662,0.4425540003736957,0.058633929580904985,0.9531843812544546,0.6140551496691041,0.15416701539793926,0.002028291765651264,nodecline1824,VU,VU,LC,LC,VU,VU,VU,LC,LC,EN,EN,VU,CR,CR
Sub-escarpment Savanna_Seep,Seep,11428145.200113898,47997574.117935896,58820303.18250165,19522333.791549947,50677386.47888962,513402.3372794634,3170889.823316635,192130034.9315871,14808076.182749756,27883626.795026273,73371560.47813874,14766679.946746502,27339438.692555733,513402.3372794634,33447250.49909065,192166800,87480.1094811416,81173200,65342400,64498800,0.4224101145463212,0.3400295992856206,0.33563966304273163,521075,55119450,0.32096492438390994,210900,54797400,0.3249323668402872,565385.7142857143,52903914.28571428,0.34825885531537154,0.6419298487678199,0.6498647336805744,0.6965177106307431,0.8460690639023352,0.7009401317967695,0.5559714336973134,0.17408652692433232,0.8389086901343428,0.5890905181081592,0.3226522757250935,0.016503873662677013,nodecline1824,VU,VU,LC,LC,VU,VU,VU,LC,LC,EN,EN,VU,CR,CR
Sub-escarpment Savanna_Unchannelled valley-bottom,Unchannelled valley-bottom,1121350.1056023971,8288211.7146760095,2237709.761288973,432799.5918221946,6885727.802203938,842.0441845203295,216260.83190905955,19182901.851687092,1005806.2887046564,3784292.419092933,7116528.63316746,502594.0790892401,5156751.087409703,842.0441845203295,1616087.3000385815,19172800,66041.95012052514,7862400,6197200,6132800,0.41008094800968037,0.3232287407160144,0.3198698155720604,54050,5159900,0.34372456247456246,16100,5392200,0.3141788766788767,59471.42857142857,4888828.571428571,0.37820149427292293,0.6874491249491249,0.6283577533577533,0.7564029885458459,0.921367456318334,0.7240932144778008,0.45522914107168966,0.08424623722382495,0.9189825549105906,0.4869200974807162,0.1279248891628047,0.011273624479814554,nodecline1824,VU,VU,LC,LC,VU,VU,VU,LC,LC,EN,EN,VU,CR,CR
West Coast_Depression,Depression,0,800926.6996502243,5126473.928697576,0,0,0,0,5927400.6283478,0,800926.6996502243,5126473.928697576,0,0,0,0,5930400,2474.319775021767,5695600,5455600,5423600,0.9604073924187239,0.9199379468501282,0.9145420207743153,8500,5270600,0.07461900414354941,8000,5055600,0.11236744153381557,8571.42857142857,5267028.571428572,0.07524605459853714,0.14923800828709882,0.22473488306763112,0.1504921091970743,1,0.8648772455467594,0.8648772455467594,0,1,0.8648772455467594,0.8648772455467594,0,nodecline1824,LC,LC,LC,LC,EN,LC,LC,LC,LC,EN,EN,EN,CR,CR
West Coast_Floodplain,Floodplain,45432019.902399115,61478383.70915249,4966373.207598585,190518.69138498086,86554048.17866081,343323.5019914165,49307.18923037499,199013974.38041776,15830964.285365677,68671071.11973143,21844840.29317128,338267.07909903576,91564515.91261235,343323.5019914165,420992.1884465737,199048800,14642.29718507518,133721600,112300800,110860000,0.6718030955223041,0.5641872746783704,0.5569488487245339,714425,98000350,0.2671314881066335,360200,94290800,0.2948723317698861,765028.5714285715,95470171.42857143,0.28605272873962445,0.534262976213267,0.5897446635397722,0.5721054574792489,0.9187532864724514,0.5736967579873421,0.11188074883151888,0.002115390086335554,0.7707571102189237,0.4618422016023267,0.025202654298242505,2.477574219794418e-4,nodecline1824,LC,LC,EN,LC,VU,LC,LC,EN,LC,EN,EN,EN,EN,CR
West Coast_Seep,Seep,4899860.5283847675,16685817.672658484,5531561.17368001,1271848.6658180922,4424914.834189499,5812.345748583593,348604.33197082276,33168419.55245026,1290758.4676551295,16277745.564994972,6780071.029478457,1303139.4869611384,6721677.928355607,5812.345748583593,789214.7292563722,33168800,14671.048177438779,22760000,19257200,18968800,0.686187019126408,0.58058175152553,0.5718868334097104,118475,16836250,0.2602702108963093,72100,15652200,0.31229349736379614,125100,16505000,0.2748242530755712,0.5205404217926186,0.6245869947275923,0.5496485061511424,0.9217961546068104,0.4310357932560242,0.22820761015656113,0.023794161431429144,0.8139281498039621,0.31086475704047273,0.17728205277771356,0.010510127907046155,nodecline1824,LC,LC,EN,LC,VU,VU,LC,EN,LC,EN,EN,EN,CR,CR
West Coast_Unchannelled valley-bottom,Unchannelled valley-bottom,447723.8506151994,2059188.1200927207,766565.4045878147,608863.7487637763,1903500.3000500922,0,9375.232206752058,5795216.656316355,529028.7437970971,1719602.721840954,1428920.4464836197,554786.4902838952,1425714.718422315,0,137163.53548847442,5792800,4894.943101501701,4214000,3173600,3091600,0.7274547714404088,0.5478525065598674,0.5336970031763568,35075,2460250,0.41617228286663505,20500,2148600,0.4901281442809682,37157.142857142855,2356142.8571428573,0.44087734761678754,0.8323445657332701,0.9802562885619364,0.8817546952335751,0.8129810672566118,0.5162531235365585,0.27023734829053875,0.0236684051042296,0.8176793617841064,0.4623538852381417,0.1338932921427276,0.0016177535306697727,nodecline1824,VU,LC,EN,LC,LC,VU,LC,EN,LC,EN,EN,EN,CR,CR
